{"init_keypoint_positions": [[-0.3241712342776108, -0.2613822464285774, 0.8728671863379093], [0.09250583848816185, -0.2597084245875412, 0.7026905204538224], [0.09385693042554749, -0.18659975847497745, 0.7087404835236448], [-0.1500540655445921, -0.08029548122448568, 0.717224349017564], [0.09093746234686001, -0.06144300248984969, 0.7086947913629367], [-0.2694544606629514, 0.08538555292574929, 0.717461221607448], [-0.3588038387929681, 0.18954992816555993, 0.7242493656064286], [-0.23456557086393465, 0.1759310536171218, 0.8097304655492471], [-0.35875467115910065, 0.1895781687565039, 0.8015311289344008]], "num_keypoints": 9, "num_stages": 3, "grasp_keypoints": [3, -1, -1], "release_keypoints": [-1, -1, 3]}