{"init_keypoint_positions": [[-0.3227781107146364, -0.2612289594336874, 0.8729628305401005], [0.09250583848816185, -0.2597084245875412, 0.7026905204538224], [0.0950554955286389, -0.18634639426616548, 0.7093757101252143], [-0.14838701402310406, -0.08057647396210812, 0.7152134245812317], [-0.267389265826412, 0.08679425979730268, 0.7196024893116034], [-0.3588038387929681, 0.18954992816555993, 0.7242493656064286], [-0.2331481615710972, 0.17297188433909574, 0.8097300265793899], [-0.35875467115910065, 0.1895781687565039, 0.8015311289344008]], "num_keypoints": 8, "num_stages": 3, "grasp_keypoints": [3, -1, -1], "release_keypoints": [-1, -1, 3]}