{"init_keypoint_positions": [[-0.3241712342776108, -0.2613822464285774, 0.8728671863379093], [0.0679943636527201, -0.14505625969786295, 0.720966286602579], [-0.16862102453747058, -0.14535250455371346, 0.7214433052875264], [-0.2752750902546891, 0.08055263384031036, 0.8097006654392183], [-0.24071327514411348, 0.11249730718813788, 0.7545713432625147], [-0.3582512558890121, 0.1904527056545987, 0.7983838021375704], [-0.25982940921547487, 0.2072145980379861, 0.7377783271849865]], "num_keypoints": 7, "num_stages": 3, "grasp_keypoints": [2, -1, -1], "release_keypoints": [-1, -1, 2]}